{"left_HandFingerOneKnuckleOneJoint": 0.0002629681350661099, "left_arm_2_joint": -1.2522315426608817, "right_arm_2_joint": 1.129360494623031, "leftKeepUprightJoint1": 0.0, "right_arm_0_joint": 0.7227249424986033, "right_arm_4_joint": 0.010773228234366865, "right_HandFingerOneKnuckleTwoJoint": 0.0013192234775816513, "right_HandFingerTwoKnuckleTwoJoint": 0.0009817477042468104, "right_arm_5_joint": -1.42119881896922, "left_HandFingerOneKnuckleTwoJoint": 2.4533568332970215, "left_HandFingerTwoKnuckleTwoJoint": 2.4437541135648573, "right_arm_3_joint": 1.170067087997104, "right_HandFingerOneKnuckleOneJoint": 0.0, "leftKeepUprightJoint0": 0.0, "left_arm_0_joint": 0.2899723931218002, "left_HandFingerTwoKnuckleThreeJoint": 0.8377866752653187, "right_HandFingerTwoKnuckleOneJoint": 0.0, "left_HandFingerThreeKnuckleThreeJoint": 0.8377641768804294, "rightFtSensorJoint": 0.0, "left_arm_6_joint": -0.0093267508475934, "right_HandFingerThreeKnuckleThreeJoint": 0.0, "right_arm_1_joint": -1.8201075475053419, "right_HandFingerThreeKnuckleTwoJoint": 0.0, "left_arm_1_joint": 1.810011339989118, "left_HandFingerOneKnuckleThreeJoint": 0.8377723581112986, "leftFtSensorJoint": 0.0, "right_arm_6_joint": 0.009897348894904325, "torso_0_joint": -1.189522003907213, "head_pan_joint": 0.0, "left_HandFingerTwoKnuckleOneJoint": 0.0002629681350661099, "left_HandFingerThreeKnuckleTwoJoint": 2.443662074717584, "left_arm_3_joint": -0.8643118024323179, "rightKeepUprightJoint0": 0.0, "rightKeepUprightJoint1": 0.0, "right_HandFingerTwoKnuckleThreeJoint": 1.636246173744669e-05, "left_arm_5_joint": 0.5468734927188945, "right_HandFingerOneKnuckleThreeJoint": 5.522330836388312e-05, "head_tilt_joint": 0.7199980583313428, "left_arm_4_joint": -0.017384564095374755}